index,cellname
0,Run1_C_100
1,Run1_C_101
2,Run1_C_102
3,Run1_C_103
4,Run1_C_110
5,Run1_C_111
6,Run1_C_112
7,Run1_C_117
8,Run1_C_118
9,Run1_C_119
10,Run1_C_121
11,Run1_C_123
12,Run1_C_124
13,Run1_C_128
14,Run1_C_130
15,Run1_C_131
16,Run1_C_132
17,Run1_C_133
18,Run1_C_135
19,Run1_C_136
20,Run1_C_137
21,Run1_C_138
22,Run1_C_139
23,Run1_C_140
24,Run1_C_141
25,Run1_C_143
26,Run1_C_144
27,Run1_C_145
28,Run1_C_146
29,Run1_C_147
30,Run1_C_149
31,Run1_C_152
32,Run1_C_154
33,Run1_C_155
34,Run1_C_156
35,Run1_C_157
36,Run1_C_158
37,Run1_C_159
38,Run1_C_160
39,Run1_C_161
40,Run1_C_162
41,Run1_C_163
42,Run1_C_164
43,Run1_C_165
44,Run1_C_166
45,Run1_C_167
46,Run1_C_168
47,Run1_C_169
48,Run1_C_170
49,Run1_C_173
50,Run1_C_174
51,Run1_C_175
52,Run1_C_176
53,Run1_C_177
54,Run1_C_178
55,Run1_C_179
56,Run1_C_180
57,Run1_C_181
58,Run1_C_182
59,Run1_C_183
60,Run1_C_184
61,Run1_C_185
62,Run1_C_186
63,Run1_C_187
64,Run1_C_188
65,Run1_C_189
66,Run1_C_190
67,Run1_C_191
68,Run1_C_192
69,Run1_C_194
70,Run1_C_195
71,Run1_C_196
72,Run1_C_197
73,Run1_C_198
74,Run1_C_199
75,Run1_C_34
76,Run1_C_42
77,Run1_C_47
78,Run1_C_48
79,Run1_C_50
80,Run1_C_51
81,Run1_C_54
82,Run1_C_57
83,Run1_C_60
84,Run1_C_61
85,Run1_C_65
86,Run1_C_69
87,Run1_C_70
88,Run1_C_76
89,Run1_C_78
90,Run1_C_8
91,Run1_C_80
92,Run1_C_84
93,Run1_C_88
94,Run1_C_92
95,Run1_C_93
96,Run1_C_94
97,Run1_C_96
98,Run1_C_97
99,Run1_C_98
100,root
